s腹,ga跋q旄m,ga簿锣笨nキよそへ,ㄏノだ跋┪sw
RPRNMLLJPHLFFAH18CC,swq,12.62,常カG
RPQPMLLJPHLFFAH28CC,ゅてq,41.90,常カG
RPUPMLLJPHLFFAH68CC,j砍q,9.33,常カG
RPVPMLLJPHLFFAH78CC,┚qq,3.87,常カG
RPWPMLLJPHLFFAH88CC,_sq,15.11,常カG
RPPQMLLJPHLFFAH28CC,弘┚q,18.68,常カG
RPRQMLLJPHLFFAH48CC,Pwq,13.50,常カG
RPVQMLLJPHLFFAH88CC,Oゅq,15.87,常カG
RPWQMLLJPHLFFAH98CC,j砍q,10.19,常カG
RPQOMLLJPHLFFCH38CC,sQ攫Lq,.00,D常カG@牍A~跋 ; D常カswGAノa
RPSNMLLJPHLFFFH78CC,Xq,18.13,常カG
RPTNMLLJPHLFFFH88CC,Xq,17.81,常カG
RPTPMLLJPHLFFGH56CC,Fwq,.00,常カG
RPTPMLLJPHLFFGH56CC,Fwq,.00,常カGㄤL
RPUQMLLJPHLFFAH88DC,jΤq,114.99,常カG
RPRPMLLJPHLFFBH58DC,炊qq,5.32,常カG
RPOOMLOJPHLFFEH78DC,臾垃q,3835.75,常カGㄤL
RPTNMLOJPHLFFGH66CC,sキq,.00,常カG
RPRNMLOJPHLFFFH09DC,い地q,36.23,D常カGm跋 ; D常カswGA贺乜vノa
RPXNMLOJPHLFFFH96CC,褐砍q,29.39,常カG
RPPPMLOJPHLFFEH88CC,οYq,.00,常カG
RPXOMLOJPHLFFBH66CC,砍nq砍npq,34.00,常カG
RPXOMLOJPHLFFBH66CC,砍nqいcρpq,18.00,常カG
RPXOMLOJPHLFFBH66CC,砍nqいcρpq,78.00,常カG
RPOPMLOJPHLFFBH48CC,峒dq,.00,常カGㄤL
RPPPMLOJPHLFFBH58CC,邾攥q,.00,常カG
RPSNMLPJPHLFFFH56CC,砍くq,19.42,常カG坝
RPSOMLPJPHLFFCH98CC,_砍q,698.23,D常カGSwA~跋 ; D常カswGヒ贺乜vノa
RPPOMLPJPHLFFDH88DC,宾粪q,64.66,常カG
RPVOMLPJPHLFFGH07CC,s璎q,59.45,常カG坝
RPWOMLQJPHLFFBH86DC,C郜q,57.16,常カG
RPWOMLQJPHLFFBH86DC,C郜q,88.63,常カG
RPQNMLQJPHLFFFH56DC,j醇q,24.16,常カG
RPPNMLQJPHLFFCH68CC,骼sq,67.20,D常カG@牍A~跋 ; D常カswGヒ贺乜vノa
RPUOMLQJPHLFFDH76CC,j鳏sUqj鳏sUpq,.00,常カG
RPQOMLQJPHLFFEH09CC,せ褐q,9.67,常カG
RPTOMLQJPHLFFBH09CC,ホYq,.00,常カG坝
RPTOMLQJPHLFFBH09CC,ホYq,.00,常カG坝
RPVOMLQJPHLFFBH66CC,ホYq,.00,常カG坝
RPVOMLQJPHLFFBH66CC,ホYq,.00,常カG坝
RPXOMLQJPHLFFBH86CC,炊qq,.00,常カG
RPVRMLQJPHLFFAH86CC,いタq,.00,常カG
RPROMLRJPHLFFAH88CC,tsq,28.20,常カG坝
RPXQMLRJPHLFFAH07CC,到倍q,.00,常カG
RPRUMLRJPHLFFAH86CC,冻Lq,18.50,常カG
RPVPMLRJPHLFFBH86CC,s刁q,.00,常カG
RPXPMLRJPHLFFEH37CC,e┏q,.00,常カG
RPXOMLRJPHLFFDH17CC,筚酴YqHみpq,.00,常カG
RPROMLRJPHLFFFH76CC,砍くq,.00,常カG坝
RPROMLRJPHLFFBH09DC,u~跋qGpq,77.00,D常カGu~跋 ; D常カswGB贺乜vノa
RPQNMLRJPHLFFEH56DC,e┏q,15.89,常カG坝
RPRNMLRJPHLFFEH66DC,nsq,11.84,常カG
RPROMLRJPHLFFEH76DC,裙B@q,75.25,常カG坝
RPTNMLTJPHLFFAH66DC,Τ诂q,10.76,常カG坝
RPQNMLLKPHLFFGH78CC,swq,4076.23,常カG
RPPOMLLKPHLFFEH58CC,e┏q,6991.26,常カG
RPQOMLLKPHLFFEH68CC,Aいq,4909.15,常カGu
RPUOMLLKPHLFFEH09CC,Aいq,4909.15,常カGu
RPVOMLLKPHLFFEH56CC,e┏q,6991.26,常カG
RPXOMLLKPHLFFEH76CC,せ褐q,.00,常カGu
RPUOMLLKPHLFFBH78CC,いcH郴q,.00,常カG
RPTPMLLKPHLFFBH78CC,いcH郴q,.00,常カG
RPUQMLLKPHLFFAH88CC,缗aq,.00,常カGu
RPWQMLLKPHLFFAH09CC,瓣tq,.00,常カGu
RPUSMLLKPHLFFAH09CC,┚qq,.00,常カG
RPSQMLMKPHLFFAH78CC,Pwq,16279.08,常カG坝
RPVQMLMKPHLFFAH09CC,Pwq,16279.08,常カG坝
RPUQMLMKPHLFFBH09CC,砍nq砍npq,.00,常カG坝
RPVQMLMKPHLFFBH56CC,_砍q,.00,常カG
RPQRMLMKPHLFFBH78CC,いdq,.00,常カG
RPPOMLMKPHLFFFH78CC,O娆q,.00,常カG
RPSOMLMKPHLFFFH09CC,风伦q,.00,D常カGm跋 ; D常カswGA贺乜vノa
RPXOMLMKPHLFFDH76CC,Y匪q,.00,常カG
RPOPMLMKPHLFFDH58CC,j鳏sUqる埭sUpq,.00,常カG
RPXRMLMKPHLFFAH86DC,い隔q,1525.36,常カG
RPUNMLMKPHLFFEH56DC,nrq,24.13,常カG
RPXRMLMKPHLFFBH96DC,Θ\q,56.00,常カG
RPXRMLMKPHLFFBH96DC,Θ\q,33.00,常カG
RPRNMLMKPHLFFFH98DC,jMq,14.68,常カG
RPUNMLMKPHLFFCH98DC,Kipq,90.00,D常カGm跋 ; D常カswGA贺乜vノa
RPTNMLNKPHLFFDH09DC,宾蔼q,72.65,常カGㄤL
RPTRMLNKPHLFFAH56DC,s不q,24.09,常カG
RPOOMLNKPHLFFGH88CC,髁瀣q,.00,常カG
RPPOMLNKPHLFFGH98CC,髁瀣q,.00,常カG
RPQOMLNKPHLFFFH98CC,砍くq,.00,常カG坝
RPROMLNKPHLFFFH09CC,褐砍q,.00,常カG
RPSOMLNKPHLFFFH56CC,褐砍q,.00,常カG
RPQNMLNKPHLFFEH78CC,j砍q,.00,常カG
RPXNMLNKPHLFFEH86CC,e┏q,27.26,常カG
RPOOMLNKPHLFFEH68CC,Aいq,30.63,常カGu
RPPOMLNKPHLFFEH78CC,Aいq,28.32,常カGu
RPQOMLNKPHLFFEH88CC,e┏q,30.37,常カG
RPSOMLNKPHLFFEH09CC,Aいq,29.35,常カGu
RPTOMLNKPHLFFEH56CC,nrqfqqfpq,69.75,常カG
RPWOMLNKPHLFFEH86CC,e┏q,30.13,常カG
RPXOMLNKPHLFFEH96CC,e┏q,23.67,常カG
RPOPMLNKPHLFFEH78CC,Aいq,21.49,常カGu
RPPPMLNKPHLFFEH88CC,e┏q,32.21,常カG
RPQPMLNKPHLFFEH98CC,e┏q,30.37,常カG
RPOOMLNKPHLFFBH38CC,Ty维q侣坤pq,16.81,常カGㄤL
RPVOMLNKPHLFFBH09CC,吏Fq,.00,常カG
RPWOMLNKPHLFFBH56CC,くRq,.00,常カG坝
RPXOMLNKPHLFFBH66CC,くRq,.00,常カG坝
RPVPMLNKPHLFFAH09CC,砍地q,16.73,常カG坝
RPQRMLNKPHLFFAH78CC,kFq,.00,常カG
RPVOMLOKPHLFFBH56CC,j地q,.00,常カG
RPQOMLOKPHLFFEH98CC,Csq,105.87,常カG
RPQOMLOKPHLFFEH98CC,Csq,28.10,常カG
RPWNMLOKPHLFFFH96CC,砍くq,.00,常カG坝
RPTOMLOKPHLFFFH76CC,匕戡q,92.41,D常カGm跋 ; D常カswGA贺乜vノa
RPTOMLOKPHLFFFH76CC,匕戡q,89.60,D常カGm跋 ; D常カswGA贺乜vノa
RPOPMLOKPHLFFGH09CC,吏nq,25.14,常カG
RPUNMLOKPHLFFBH09DC,蚌^q,25.11,常カG
RPPNMLOKPHLFFGH09DC,_砍q,77.71,常カG
RPPOMLPKPHLFFFH66EC,褐砍q,.00,常カG坝
RPWNMLPKPHLFFFH17DC,风伦q,38.41,D常カGm跋 ; D常カswGA贺乜vノa
RPPOMLPKPHLFFFH56DC,砍伦q,19.12,常カG
RPQQMLPKPHLFFBH09DC,炊qq,20.46,常カG
RPWNMLPKPHLFFDH86CC,法宾q,95.00,常カG
RPXNMLPKPHLFFDH96CC,Y匪q,539.00,常カG
RPOOMLPKPHLFFDH78CC,宾粪q,7649.64,常カG
RPRNMLPKPHLFFAH68CC,Pwq,29.69,常カG坝
RPXOMLPKPHLFFAH76CC,kFq,.00,常カG
RPXOMLPKPHLFFAH76CC,kFq,.00,常カG
